parameter,1.5%,2%,2.5%
rho,9.149593701501535e-5,0.001972641562389354,0.004618784772840901
eta,1.0160102648044234,1.2444589479616779,1.4211580565965207
